Name,Age,Gender,Department,Salary
Charlie,26,Male,IT,55476
David,27,Male,IT,86072
Alice,31,Female,Sales,118596
Charlie,34,Female,Sales,65769
Charlie,29,Female,HR,66515
Bob,52,Male,HR,56948
David,56,Male,HR,113909
David,31,Male,Sales,72094
David,43,Female,Sales,106304
Bob,51,Female,Sales,90280
Alice,57,Female,IT,98033
David,50,Female,IT,52235
David,43,Male,IT,97728
David,46,Female,Sales,60971
Charlie,48,Male,IT,75515
Alice,28,Female,IT,63082
David,46,Female,Sales,115983
David,28,Female,IT,77881
Bob,55,Male,Sales,106749
Alice,28,Male,Sales,43722
Charlie,29,Male,IT,71802
Alice,55,Male,IT,107644
Alice,36,Female,Sales,51578
Charlie,42,Female,HR,57520
Eva,26,Male,Sales,59689
Alice,35,Male,IT,113777
David,57,Male,HR,91672
David,44,Female,Sales,119640
Alice,38,Male,IT,87040
Charlie,52,Female,Sales,55465
Eva,48,Male,IT,75813
Bob,55,Female,Sales,56379
Alice,55,Male,HR,95358
Bob,53,Female,IT,45890
Bob,36,Male,Sales,56186
Charlie,59,Male,Sales,74774
Alice,60,Female,IT,65643
Bob,50,Female,HR,102217
Charlie,60,Male,Sales,66998
Alice,41,Male,Sales,40799
Charlie,38,Female,HR,84641
David,41,Female,HR,64484
Charlie,39,Female,Sales,60794
Eva,38,Female,IT,66371
Charlie,25,Male,Sales,100976
Bob,44,Male,Sales,77951
Bob,42,Male,IT,48894
David,55,Female,IT,67132
Eva,47,Male,Sales,101050
Eva,46,Male,HR,49827
Charlie,39,Male,Sales,109656
Alice,41,Female,Sales,43109
Charlie,53,Female,Sales,62161
Charlie,58,Male,Sales,44339
Eva,59,Male,HR,63584
Bob,51,Female,HR,74919
Bob,32,Female,HR,100447
Alice,51,Female,Sales,100814
Charlie,26,Female,Sales,79896
Alice,51,Female,HR,93201
Alice,54,Female,IT,115993
Charlie,55,Female,Sales,94814
Charlie,27,Female,HR,111458
Alice,30,Male,Sales,57309
David,53,Female,IT,72387
Alice,58,Male,Sales,107800
Charlie,27,Female,HR,118716
Charlie,54,Female,IT,71546
Eva,37,Female,Sales,92632
Bob,37,Female,HR,53551
Eva,42,Male,IT,40313
Alice,59,Male,IT,104751
Alice,32,Male,IT,56735
Alice,28,Female,Sales,49015
Charlie,57,Female,IT,110116
David,32,Female,IT,65260
Eva,48,Male,HR,44986
Bob,43,Male,IT,100448
Bob,52,Female,IT,76811
Bob,50,Female,Sales,89524
Alice,59,Male,IT,96324
David,33,Male,Sales,62587
Charlie,42,Female,HR,105522
David,31,Female,IT,116323
David,58,Male,HR,111936
Bob,38,Male,HR,43160
Charlie,31,Male,HR,56346
Bob,34,Female,HR,69023
Alice,60,Male,HR,98608
Eva,53,Female,IT,82139
Bob,60,Female,HR,81952
Alice,32,Female,HR,67000
Bob,39,Male,IT,86715
Bob,51,Male,HR,70868
David,25,Male,Sales,112235
Eva,34,Male,IT,91346
Bob,47,Female,HR,83382
Eva,48,Male,HR,55532
Alice,28,Male,Sales,91101
Charlie,44,Male,Sales,62758
Eva,44,Female,HR,81270
Eva,58,Female,Sales,42740
David,57,Male,HR,110434
Charlie,33,Female,IT,95972
Alice,43,Male,IT,102546
David,47,Female,HR,40402
Alice,52,Female,Sales,67384
Alice,57,Male,HR,61484
Charlie,57,Male,HR,79466
Charlie,25,Male,Sales,51399
David,37,Female,Sales,84434
David,28,Female,HR,54568
David,41,Male,IT,61325
Bob,26,Male,HR,58768
Alice,49,Female,HR,64704
David,35,Male,Sales,44862
Alice,57,Male,IT,80187
Charlie,28,Male,IT,56495
Eva,25,Female,IT,48486
Alice,55,Female,Sales,98268
Bob,60,Male,HR,116667
David,33,Male,Sales,62318
Eva,30,Female,IT,83096
Alice,58,Male,HR,90522
Eva,51,Female,IT,50860
Alice,37,Female,IT,87896
Eva,31,Female,Sales,114759
Alice,26,Male,HR,97930
Eva,56,Male,HR,74071
Charlie,58,Male,Sales,103672
Alice,47,Female,Sales,119207
Bob,48,Male,HR,43009
Eva,53,Male,Sales,114002
Charlie,39,Female,IT,86588
Eva,45,Male,HR,89622
Alice,30,Male,Sales,71668
Alice,36,Female,Sales,113386
Bob,60,Female,IT,62877
David,30,Male,HR,75751
Bob,50,Male,Sales,93336
Charlie,30,Male,HR,107895
Charlie,48,Female,IT,96296
David,51,Female,Sales,66022
Charlie,27,Male,HR,93327
Alice,57,Female,HR,90793
Bob,36,Male,IT,66069
Charlie,33,Male,HR,75718
Charlie,49,Female,IT,117932
David,45,Male,HR,69797
Bob,49,Female,Sales,94302
Alice,44,Female,IT,81388
Bob,37,Male,HR,62387
Bob,46,Male,IT,81514
Charlie,34,Male,Sales,45494
Bob,36,Male,Sales,54013
David,25,Female,Sales,88819
Alice,30,Male,Sales,91774
Bob,49,Female,Sales,117964
Eva,25,Male,HR,84898
Eva,39,Male,IT,49413
David,32,Male,HR,117195
Bob,60,Female,HR,99803
Bob,25,Female,HR,81695
Alice,55,Male,IT,87275
Charlie,35,Female,HR,112798
Eva,45,Male,Sales,96776
Alice,52,Female,Sales,68662
Bob,34,Female,IT,43019
Eva,45,Male,HR,105993
David,41,Female,IT,118965
Bob,46,Female,IT,97438
Bob,32,Female,Sales,112927
Charlie,47,Female,Sales,79030
Bob,44,Male,HR,64015
Eva,34,Male,IT,95281
David,43,Male,HR,47222
David,36,Male,HR,112885
Alice,29,Female,Sales,63079
Alice,25,Male,IT,58829
Charlie,41,Female,HR,82454
Bob,43,Female,IT,108205
David,28,Male,Sales,104207
Bob,59,Female,IT,105756
David,26,Male,HR,85706
Bob,45,Female,HR,96234
Alice,27,Male,Sales,81436
Charlie,34,Male,HR,81575
Bob,57,Female,Sales,107863
Alice,29,Male,IT,114574
Eva,28,Female,IT,98187
Alice,32,Female,HR,57483
Charlie,30,Female,HR,83445
Charlie,29,Male,Sales,62432
Charlie,52,Male,IT,49988
Eva,39,Female,Sales,64018
Bob,50,Female,HR,50585
Charlie,59,Male,Sales,104069
Eva,44,Female,IT,61619
Bob,48,Male,IT,82940
Alice,42,Male,IT,74543
David,25,Female,IT,101455
Charlie,26,Female,HR,82531
Eva,29,Female,Sales,97681
Bob,37,Female,Sales,103658
Alice,34,Female,HR,112874
David,49,Female,Sales,102840
Eva,53,Male,IT,97275
Charlie,39,Female,HR,91863
Alice,27,Male,Sales,102368
Charlie,48,Male,IT,72101
Eva,29,Female,Sales,68436
Charlie,37,Male,HR,100453
David,58,Female,Sales,55538
Charlie,49,Female,IT,71002
David,35,Male,Sales,110203
Bob,51,Male,HR,67826
David,37,Female,Sales,44113
Alice,30,Female,IT,95267
Eva,43,Male,HR,57536
Bob,47,Female,IT,75084
Alice,33,Female,IT,104815
Eva,50,Female,HR,64763
Charlie,35,Female,HR,80982
Bob,28,Male,HR,42620
Bob,51,Female,HR,68180
David,46,Female,HR,48068
Alice,27,Male,Sales,45879
Eva,54,Female,Sales,54725
Charlie,30,Male,HR,54467
Charlie,32,Female,HR,98963
Bob,54,Female,IT,90540
Bob,27,Female,IT,107302
Eva,30,Female,HR,105413
Alice,27,Female,HR,86751
David,52,Female,HR,88359
Eva,48,Female,Sales,116020
David,58,Male,Sales,118855
Eva,45,Female,Sales,41771
Charlie,41,Male,Sales,44714
Alice,35,Female,IT,72753
Eva,26,Male,Sales,113792
Alice,34,Male,IT,48951
Alice,29,Female,Sales,83993
Bob,41,Male,Sales,83594
Eva,55,Female,HR,70309
Charlie,36,Female,Sales,114508
Charlie,50,Male,IT,66184
Charlie,57,Female,Sales,71486
Eva,41,Female,IT,62874
Bob,54,Male,Sales,95856
Alice,49,Female,HR,115603
Charlie,52,Female,Sales,81225
Alice,37,Male,Sales,84122
Alice,53,Male,Sales,58824
David,29,Male,HR,73243
David,39,Male,IT,65194
Charlie,35,Female,IT,118249
Alice,57,Female,Sales,55123
Alice,50,Male,IT,88726
Charlie,57,Female,Sales,110837
David,55,Male,Sales,82123
David,30,Male,Sales,116397
Eva,28,Male,HR,70792
Alice,32,Female,IT,82475
Charlie,48,Female,HR,42707
Charlie,51,Female,Sales,44574
Alice,48,Male,Sales,100092
Eva,37,Male,Sales,42699
Bob,26,Female,IT,64898
Alice,37,Female,Sales,106808
Charlie,47,Female,HR,119620
Alice,33,Female,IT,47743
Eva,47,Male,Sales,85118
Alice,46,Male,HR,61919
Eva,30,Male,IT,119667
David,56,Male,HR,76186
David,58,Female,Sales,49919
Bob,30,Male,IT,74798
David,31,Female,HR,71076
Bob,55,Male,Sales,100441
Bob,59,Male,Sales,89304
David,29,Male,IT,75950
David,45,Female,IT,90186
Bob,47,Male,Sales,101149
Eva,58,Male,HR,119498
Alice,25,Female,IT,75451
Bob,36,Female,Sales,50804
Bob,37,Female,Sales,87760
David,36,Male,Sales,84644
Alice,37,Male,Sales,110290
Eva,58,Male,IT,110956
David,36,Female,Sales,74345
Bob,38,Female,Sales,89085
Charlie,55,Male,HR,93711
Bob,33,Male,Sales,106203
Charlie,30,Female,HR,50412
Bob,53,Male,IT,54447
Eva,26,Female,IT,87920
David,59,Female,IT,82780
Eva,48,Male,HR,51565
Alice,59,Male,IT,47151
David,49,Male,IT,110964
Alice,25,Female,HR,60225
Alice,37,Male,HR,98834
Charlie,45,Male,IT,45755
Eva,41,Male,IT,112404
Charlie,51,Female,HR,50406
Bob,57,Male,Sales,100046
Eva,52,Male,IT,113672
Charlie,56,Female,Sales,73246
Alice,51,Male,IT,68385
David,49,Female,HR,108416
Alice,42,Female,HR,52365
Alice,34,Male,Sales,81986
Eva,58,Male,IT,67959
David,48,Female,IT,93635
Eva,51,Male,IT,78514
Bob,51,Female,IT,78328
David,48,Male,Sales,116395
Alice,51,Female,HR,93859
Alice,45,Male,Sales,99880
Alice,47,Female,Sales,85952
Eva,52,Female,HR,116747
Alice,36,Female,HR,82266
Alice,35,Male,Sales,86871
Charlie,51,Female,Sales,63914
Eva,59,Male,HR,112972
Bob,47,Male,HR,49765
Alice,29,Female,IT,70336
David,55,Female,Sales,109283
Eva,31,Female,IT,116714
Eva,35,Male,IT,60906
Charlie,50,Male,HR,86884
David,52,Male,HR,94522
Eva,53,Female,IT,96118
Eva,47,Male,HR,77481
Alice,34,Male,IT,47093
Eva,47,Male,HR,68836
Alice,44,Female,Sales,100450
Eva,47,Female,IT,54082
David,50,Male,IT,95082
David,53,Male,IT,54671
Alice,38,Female,Sales,114923
Eva,48,Female,IT,58586
Eva,56,Male,Sales,116533
Eva,34,Male,IT,78532
Bob,44,Female,IT,76086
Bob,31,Male,Sales,60471
David,50,Male,Sales,82723
Alice,39,Male,IT,60727
Bob,56,Female,IT,102433
Charlie,32,Female,IT,110646
Charlie,35,Female,Sales,78724
David,44,Male,Sales,50299
Alice,34,Female,IT,108443
Eva,38,Female,IT,79667
Alice,46,Female,HR,84401
David,38,Male,HR,98482
Eva,28,Female,IT,105823
Charlie,54,Female,HR,77921
Alice,35,Male,HR,83988
David,54,Female,IT,112269
Eva,56,Female,HR,113952
Eva,47,Female,HR,110503
Charlie,31,Female,IT,118705
Charlie,41,Female,Sales,98217
Bob,49,Female,HR,84822
Charlie,40,Female,Sales,83260
Bob,60,Female,IT,95056
Charlie,35,Female,Sales,111964
Charlie,30,Female,IT,60592
Bob,29,Male,HR,45558
Charlie,42,Female,Sales,119744
Charlie,31,Female,HR,104702
Alice,43,Male,IT,59362
Eva,29,Female,Sales,97369
Charlie,26,Male,HR,98467
David,46,Male,HR,111557
Alice,39,Female,HR,66155
Charlie,42,Female,HR,93094
David,29,Male,HR,97545
Charlie,25,Male,HR,40985
David,29,Female,Sales,113762
Alice,45,Female,HR,42570
David,57,Female,IT,70798
Alice,30,Female,IT,78612
Alice,48,Male,Sales,58703
Eva,26,Male,IT,56657
Alice,36,Male,HR,116680
David,57,Male,IT,61483
David,38,Female,Sales,62756
Alice,54,Female,HR,72808
Alice,47,Female,HR,76044
Eva,46,Male,HR,50368
Bob,31,Male,HR,104005
David,41,Female,Sales,76141
Bob,51,Female,Sales,51788
Charlie,38,Female,Sales,66284
David,30,Female,Sales,59484
Alice,50,Female,HR,108710
Bob,41,Female,Sales,40384
Charlie,58,Male,Sales,115645
David,52,Female,Sales,44722
Alice,55,Male,HR,109928
Alice,27,Male,IT,92218
Bob,59,Male,HR,110789
Charlie,41,Female,HR,107704
Eva,43,Female,HR,66101
Bob,36,Female,IT,44602
Charlie,60,Female,IT,48696
Alice,57,Female,Sales,110797
Alice,57,Male,HR,45803
Bob,48,Female,IT,116054
Charlie,32,Female,Sales,45140
Eva,51,Female,IT,74793
David,51,Female,IT,78294
Bob,42,Male,HR,102739
Alice,54,Male,Sales,68055
Eva,59,Female,Sales,101004
Eva,36,Male,IT,49764
Eva,31,Male,IT,86695
David,31,Female,IT,48876
Bob,40,Male,HR,56152
Bob,55,Female,HR,116220
Bob,58,Male,IT,84255
Alice,27,Male,Sales,108557
Charlie,58,Male,Sales,69916
David,56,Female,IT,78010
David,48,Male,Sales,86680
Charlie,36,Male,HR,51137
Alice,52,Female,HR,87489
Eva,25,Female,HR,43312
Eva,51,Male,IT,59104
Charlie,39,Male,HR,92402
Bob,44,Female,HR,81125
Bob,33,Male,HR,106399
David,54,Male,IT,58460
Eva,45,Male,HR,90511
David,48,Female,HR,97564
Alice,35,Male,HR,103290
Eva,43,Female,HR,69349
Alice,26,Male,Sales,105922
Charlie,40,Male,HR,48314
Charlie,32,Female,HR,111923
Bob,36,Female,Sales,56194
Alice,39,Female,IT,100658
Bob,50,Male,IT,77684
Charlie,56,Male,IT,64961
Bob,43,Male,HR,65645
Charlie,53,Female,IT,119250
Charlie,25,Female,HR,100685
Bob,54,Female,Sales,84452
Eva,25,Male,Sales,58617
Alice,34,Male,HR,66070
Eva,41,Male,HR,95778
Alice,34,Female,Sales,88578
Eva,31,Male,HR,102298
David,45,Male,Sales,76256
Bob,43,Female,Sales,46907
Eva,35,Female,Sales,93026
Alice,44,Male,HR,115912
Alice,32,Male,IT,112465
Bob,26,Female,HR,107065
Bob,56,Female,Sales,89076
Alice,57,Male,IT,78594
Charlie,37,Female,HR,54358
Alice,41,Female,HR,66162
Bob,31,Female,HR,107560
David,41,Female,HR,75917
Charlie,52,Male,HR,103002
Bob,31,Female,Sales,46831
Eva,46,Female,IT,77476
Eva,35,Female,Sales,84085
David,58,Female,HR,86030
Alice,41,Male,IT,45320
Bob,55,Male,HR,53361
David,57,Male,Sales,81982
Alice,31,Female,Sales,64407
Charlie,42,Female,Sales,80280
Bob,34,Female,HR,67250
Bob,53,Female,IT,118523
David,33,Male,IT,116083
Bob,57,Female,HR,63761
Alice,45,Female,Sales,52730
Eva,52,Male,IT,102374
Charlie,54,Female,Sales,86227
Alice,41,Female,IT,104078
Alice,39,Male,Sales,43999
Charlie,28,Male,IT,74069
Charlie,36,Male,Sales,107150
Eva,33,Female,Sales,53116
Eva,28,Female,HR,117222
Bob,53,Female,IT,55773
Bob,60,Male,HR,112043
Eva,29,Male,IT,46989
Charlie,40,Female,IT,70936
Bob,30,Male,HR,81964
Eva,30,Female,HR,107479
Eva,26,Female,Sales,95529
David,43,Male,IT,44734
Alice,48,Male,Sales,64290
Charlie,49,Male,HR,65525
Alice,50,Female,HR,62044
Charlie,52,Female,IT,110555
Alice,31,Male,HR,100545
Charlie,59,Female,HR,114369
David,31,Male,IT,106515
Charlie,33,Male,Sales,50495
Eva,30,Male,IT,47503
Bob,54,Female,HR,110036
David,47,Male,Sales,77608
Charlie,51,Female,Sales,79182
Charlie,27,Female,IT,55591
Alice,34,Female,Sales,96929
David,46,Female,Sales,118005
David,40,Male,HR,118887
Alice,35,Female,IT,110040
Bob,52,Female,Sales,79106
Bob,33,Female,HR,94924
Eva,49,Female,Sales,72472
Bob,54,Male,HR,106771
Bob,40,Female,IT,112429
David,39,Male,IT,43810
David,41,Male,HR,43662
David,39,Female,Sales,60637
Charlie,59,Male,HR,83219
Bob,42,Female,IT,101684
Bob,58,Male,Sales,98737
Eva,49,Male,IT,89832
Charlie,53,Female,IT,69760
Eva,55,Female,HR,60688
Alice,30,Male,HR,112121
Eva,30,Male,IT,94389
Alice,41,Female,IT,108842
Bob,42,Female,Sales,64765
David,47,Male,HR,76251
Bob,35,Female,Sales,84198
Bob,57,Male,HR,66043
Eva,54,Female,Sales,113662
Alice,26,Male,IT,88247
Bob,34,Female,HR,48785
Eva,58,Female,HR,42876
Eva,58,Male,Sales,69250
Bob,49,Female,IT,117492
David,51,Male,Sales,54002
Bob,56,Female,HR,54579
Bob,44,Male,IT,104905
Bob,46,Female,HR,63361
Eva,49,Male,Sales,82647
Alice,42,Male,HR,117054
Bob,36,Male,Sales,72345
Eva,49,Male,Sales,79343
Charlie,33,Male,IT,40349
Charlie,60,Female,Sales,114884
David,31,Female,HR,117545
Eva,35,Male,Sales,85499
Alice,36,Male,Sales,66078
Charlie,58,Female,HR,95720
Bob,35,Male,HR,100616
David,31,Male,Sales,48730
Alice,53,Male,IT,107839
Charlie,32,Female,Sales,40678
Charlie,52,Male,IT,70184
Bob,37,Female,Sales,59986
Eva,59,Female,IT,44657
Bob,28,Male,Sales,100999
Eva,57,Female,IT,50867
Charlie,30,Female,Sales,64834
Eva,31,Male,Sales,73130
Alice,28,Male,Sales,77639
David,30,Male,HR,66157
Eva,53,Male,Sales,89196
Bob,45,Female,Sales,83838
Alice,33,Female,Sales,55774
David,44,Female,HR,47910
Bob,59,Male,HR,81607
Eva,41,Female,HR,92773
David,51,Male,Sales,84403
Bob,60,Female,IT,52355
Bob,49,Female,HR,44754
Eva,34,Male,Sales,51939
Alice,55,Male,Sales,86479
Charlie,39,Female,HR,70316
Charlie,38,Female,HR,115478
David,58,Male,Sales,107661
Charlie,56,Female,HR,103212
Bob,47,Female,Sales,51092
David,50,Male,HR,73238
Bob,35,Female,IT,69602
Charlie,54,Male,Sales,61678
Bob,27,Female,Sales,72533
David,31,Female,Sales,43559
Bob,44,Male,HR,106829
Alice,60,Female,HR,41297
Eva,59,Male,HR,73183
Eva,52,Female,IT,92971
Alice,36,Male,Sales,86137
David,47,Male,HR,56739
Alice,33,Male,IT,119077
David,55,Male,Sales,67966
Bob,53,Male,IT,106497
Charlie,54,Female,HR,77442
Charlie,37,Male,HR,115256
Alice,40,Female,HR,55291
David,32,Female,IT,91330
Alice,26,Male,IT,83708
David,33,Female,HR,59548
Eva,59,Male,Sales,42896
Eva,26,Male,IT,111943
Alice,47,Male,HR,81331
Eva,56,Male,IT,56939
Eva,32,Female,HR,48675
Charlie,59,Male,HR,108487
Eva,46,Male,Sales,81756
Eva,42,Male,Sales,108442
David,50,Male,HR,75552
Bob,58,Male,HR,46517
Bob,53,Male,HR,90431
Alice,49,Male,Sales,99046
Eva,60,Female,IT,51452
Bob,26,Male,IT,95819
Eva,25,Female,HR,107227
Bob,36,Male,Sales,90413
Eva,45,Male,HR,96127
Charlie,28,Male,Sales,86812
Charlie,54,Male,HR,116582
Alice,40,Female,HR,93972
David,50,Female,HR,57299
Eva,48,Male,HR,70388
Alice,26,Female,HR,104241
Alice,47,Female,HR,94118
Alice,59,Male,Sales,100811
Charlie,57,Female,IT,101107
David,54,Female,IT,87588
Bob,57,Male,HR,55140
Bob,58,Male,HR,58875
Charlie,38,Female,Sales,85883
Bob,28,Male,HR,118344
David,43,Female,IT,110801
David,42,Male,HR,40279
Bob,25,Male,HR,57988
Alice,55,Male,Sales,46929
Eva,54,Male,IT,43899
Charlie,60,Female,Sales,107809
Charlie,38,Male,HR,41908
Bob,28,Female,HR,50036
Charlie,49,Female,IT,101260
Bob,48,Female,IT,40078
Bob,34,Male,HR,90039
Charlie,46,Female,IT,45642
Charlie,44,Male,Sales,67669
Charlie,37,Female,IT,82249
Eva,56,Female,HR,56045
Bob,38,Female,HR,79697
David,27,Female,IT,110431
Eva,49,Male,IT,99507
Eva,36,Female,HR,47208
David,58,Male,Sales,110982
David,55,Female,IT,79339
David,32,Female,IT,57540
David,48,Female,IT,70390
David,37,Male,IT,113663
David,43,Male,Sales,75494
David,56,Male,HR,69002
Charlie,42,Female,HR,109906
Bob,42,Female,Sales,86420
David,49,Female,HR,101022
Eva,45,Male,HR,91213
Charlie,30,Male,HR,77839
Alice,45,Male,Sales,105808
David,55,Female,IT,94353
David,53,Male,HR,84984
Bob,27,Male,Sales,108580
David,37,Female,IT,104715
Charlie,31,Female,Sales,45170
Bob,45,Male,Sales,64565
Bob,30,Male,IT,45865
Eva,52,Male,IT,107938
David,50,Male,Sales,53765
Eva,58,Female,HR,118178
Alice,27,Male,IT,47177
Bob,42,Male,IT,53176
Alice,34,Female,Sales,42619
David,33,Male,HR,85550
Eva,45,Female,Sales,95068
Alice,36,Male,Sales,65117
David,27,Male,Sales,111752
Alice,35,Male,Sales,101889
Bob,54,Male,HR,98851
Alice,41,Female,HR,65096
Charlie,59,Male,Sales,58770
Eva,30,Female,IT,92133
David,33,Male,HR,41421
Eva,60,Male,Sales,82259
Charlie,47,Female,HR,92107
Alice,47,Male,Sales,113743
Charlie,29,Female,IT,40296
Alice,54,Male,HR,95734
David,48,Female,IT,111142
Bob,38,Male,HR,75215
Eva,58,Female,HR,77848
Charlie,51,Male,HR,43631
David,35,Female,Sales,90244
David,37,Male,Sales,63346
Alice,51,Male,Sales,79317
Bob,38,Male,IT,41601
David,25,Male,IT,59151
Eva,37,Female,HR,90187
Bob,40,Male,HR,50944
Charlie,32,Female,IT,99722
Charlie,35,Female,IT,109487
David,40,Male,Sales,118632
David,29,Female,Sales,63529
Eva,38,Male,HR,93803
Eva,53,Female,Sales,85796
Eva,27,Female,IT,73728
Eva,44,Female,HR,111306
Alice,54,Female,Sales,80029
Eva,53,Female,IT,56304
Eva,55,Female,IT,97293
Alice,60,Male,IT,98496
Alice,57,Male,Sales,78774
Alice,44,Male,Sales,66853
Eva,45,Female,IT,96409
Bob,60,Female,HR,56935
Alice,52,Male,Sales,49694
Bob,46,Male,HR,66042
Eva,41,Male,Sales,100836
Bob,30,Male,HR,55450
Eva,55,Male,Sales,50248
Charlie,44,Female,Sales,104162
Alice,56,Male,IT,64932
Alice,26,Female,IT,111307
David,48,Female,HR,93947
Bob,34,Male,HR,104605
Alice,26,Female,HR,104313
Bob,25,Male,Sales,99993
Alice,51,Female,Sales,106110
David,33,Female,Sales,50752
David,41,Female,Sales,91091
Eva,56,Male,Sales,83881
David,37,Male,HR,96555
Bob,50,Female,HR,73503
Eva,57,Female,Sales,44894
Charlie,34,Male,HR,65708
Bob,28,Female,Sales,98726
Eva,50,Female,IT,85004
Bob,53,Female,IT,43340
David,49,Male,IT,58846
Charlie,48,Female,IT,40443
Charlie,37,Female,HR,42168
Eva,50,Male,Sales,54243
David,53,Female,Sales,89045
Alice,58,Male,Sales,68872
David,57,Male,IT,110530
David,39,Male,HR,73522
Charlie,48,Male,Sales,99892
David,51,Female,IT,93127
Alice,29,Male,HR,106438
David,56,Male,IT,78907
Eva,33,Male,HR,86061
Charlie,47,Male,IT,70764
Alice,50,Female,HR,100374
David,47,Female,Sales,43328
Bob,43,Male,HR,97500
Bob,47,Female,IT,106324
Alice,55,Female,Sales,59370
Eva,43,Male,Sales,93816
Charlie,60,Male,Sales,90422
Alice,38,Female,HR,82864
Charlie,51,Male,Sales,76380
Bob,43,Male,HR,41616
Alice,33,Female,Sales,54339
Bob,53,Male,Sales,72458
Charlie,54,Female,HR,112282
Bob,60,Male,Sales,89065
Bob,29,Female,IT,56161
Eva,26,Male,Sales,103351
Eva,40,Female,Sales,61143
Eva,58,Female,IT,99554
David,55,Male,Sales,115183
Alice,38,Male,IT,67612
Charlie,60,Female,Sales,94694
Eva,36,Female,IT,63262
David,42,Male,IT,73583
Charlie,53,Male,Sales,46329
Charlie,59,Male,Sales,79845
Charlie,47,Female,IT,81312
Charlie,26,Female,HR,116357
David,40,Female,IT,103743
Eva,35,Female,HR,110326
Eva,45,Female,HR,62772
Charlie,59,Female,HR,110903
David,43,Male,Sales,85778
Bob,40,Female,Sales,46417
Eva,48,Male,HR,62477
Eva,44,Male,HR,98084
David,32,Male,IT,105982
Bob,27,Female,HR,82675
Eva,39,Female,IT,55346
Bob,38,Female,IT,98737
Bob,51,Male,HR,66908
Bob,54,Female,HR,97263
David,45,Female,HR,47662
Charlie,36,Male,HR,97893
Eva,55,Male,Sales,57906
Alice,45,Female,Sales,41729
Charlie,46,Male,Sales,105895
Charlie,54,Female,Sales,111101
David,52,Female,Sales,57169
Eva,25,Female,HR,91914
Bob,31,Male,Sales,63087
Bob,60,Male,Sales,108186
Alice,45,Female,Sales,112340
Bob,27,Male,HR,67691
Charlie,46,Male,HR,50948
Alice,36,Male,HR,64957
Charlie,51,Female,HR,71904
David,58,Male,Sales,46206
Eva,37,Female,Sales,86613
David,39,Male,HR,85208
Eva,52,Male,IT,73003
David,38,Female,Sales,119211
Bob,31,Male,IT,119251
Bob,54,Male,Sales,103250
Bob,37,Male,HR,76272
David,46,Male,IT,42488
Charlie,39,Female,Sales,76684
Bob,51,Male,IT,102388
Charlie,53,Female,IT,109622
Charlie,47,Female,IT,92406
Alice,60,Female,IT,41408
David,49,Female,Sales,94673
Alice,38,Female,HR,42607
David,50,Male,Sales,63854
Bob,59,Male,HR,57475
David,54,Male,IT,67039
Alice,45,Male,Sales,43124
Alice,28,Male,Sales,106530
David,52,Male,IT,105861
Alice,44,Female,Sales,118045
Alice,38,Female,HR,109090
Alice,29,Male,IT,75231
David,40,Male,IT,91008
David,35,Female,HR,66686
Eva,38,Female,HR,96402
Eva,51,Female,Sales,101156
David,57,Female,Sales,87575
David,58,Male,IT,40608
David,32,Female,IT,59580
David,50,Female,HR,96455
Eva,37,Female,IT,82785
David,48,Female,IT,99505
David,50,Female,HR,115469
Eva,36,Male,IT,46026
Charlie,49,Male,IT,81371
Charlie,35,Male,Sales,111375
Bob,27,Female,IT,90328
Alice,34,Male,HR,108721
Eva,57,Female,IT,101170
Bob,48,Female,HR,52132
Alice,32,Female,Sales,52009
Alice,32,Male,Sales,95193
Eva,34,Male,HR,83470
Alice,44,Male,IT,95860
Eva,60,Male,Sales,110980
Bob,37,Female,IT,119523
Alice,42,Male,IT,113304
Bob,48,Female,Sales,93925
Eva,58,Female,IT,90065
Alice,51,Male,HR,51841
Eva,43,Male,IT,58718
Bob,42,Male,IT,74453
Bob,31,Female,HR,50362
Alice,46,Male,Sales,96835
David,30,Female,IT,45526
Charlie,29,Female,HR,56271
Alice,48,Male,HR,49871
Alice,59,Female,IT,106689
Charlie,30,Male,Sales,111600
Eva,41,Male,IT,119572
Bob,59,Female,HR,72256
Alice,40,Female,IT,68784
Bob,47,Male,Sales,63754
David,60,Male,IT,94650
Eva,57,Female,HR,96748
Eva,47,Male,Sales,62894
Eva,42,Female,Sales,62933
Eva,26,Male,Sales,98800
David,59,Male,Sales,68562
Bob,36,Male,HR,55969
Alice,54,Male,Sales,88528
Alice,30,Male,HR,57968
Charlie,44,Male,Sales,107130
Charlie,56,Female,HR,119383
Bob,50,Female,Sales,83511
Bob,30,Male,Sales,69789
Bob,34,Female,IT,108915
Bob,53,Female,Sales,117468
Alice,31,Male,HR,79071
Alice,53,Male,IT,63614
Eva,52,Male,IT,112909
David,51,Female,IT,88052
Eva,25,Male,IT,40961
David,48,Male,Sales,107711
David,33,Female,HR,78622
David,44,Female,Sales,54565
Bob,47,Female,HR,54022
Charlie,37,Female,HR,59925
Charlie,34,Male,IT,75427
Alice,32,Male,IT,100443
David,57,Male,HR,101694
Charlie,43,Female,HR,116512
Eva,49,Female,Sales,51417
Eva,30,Female,HR,117235
Alice,48,Male,IT,84787
Alice,52,Female,IT,84835
David,56,Male,IT,53433
Alice,25,Male,Sales,69639
Alice,43,Male,HR,61942
Eva,60,Female,IT,107375
Charlie,40,Female,Sales,41552
Charlie,45,Female,Sales,63016
Bob,37,Male,HR,112206
David,30,Male,Sales,96499
David,38,Female,IT,67748
Charlie,31,Male,Sales,41821
David,28,Female,IT,50714
Eva,56,Female,Sales,100941
Bob,56,Male,HR,115345
David,29,Male,HR,88206
Bob,59,Male,Sales,117533
Charlie,35,Male,IT,49598
Charlie,37,Male,HR,40084
Bob,46,Female,Sales,116375
David,26,Male,Sales,64737
Alice,38,Female,HR,40827
Charlie,39,Male,Sales,112364
Alice,27,Female,Sales,104996
Charlie,44,Female,IT,64283
Eva,44,Male,Sales,70016
David,53,Female,Sales,50060
Eva,34,Male,IT,78731
Alice,46,Female,IT,113655
Charlie,57,Male,IT,57789
Charlie,35,Male,HR,40376
Alice,26,Female,Sales,81399
Eva,57,Male,IT,111337
Eva,60,Female,Sales,83464
Charlie,34,Female,Sales,75784
Alice,34,Female,Sales,66318
Charlie,28,Female,IT,117991
Alice,40,Female,Sales,43767
Bob,43,Male,Sales,105804
David,56,Male,IT,46915
Charlie,45,Male,HR,115298
Bob,49,Male,IT,111245
Charlie,60,Male,Sales,101503
Eva,58,Female,HR,107181
Alice,31,Male,HR,113209
Charlie,49,Male,HR,51418
David,50,Male,IT,100427
Charlie,25,Male,IT,87073
Bob,44,Male,Sales,54893
Alice,32,Female,IT,107820
David,60,Female,Sales,70491
Charlie,52,Male,HR,116383
Charlie,29,Male,HR,89049
Alice,33,Female,Sales,112877
Bob,40,Male,IT,84998
Charlie,53,Male,IT,73908
Charlie,54,Female,Sales,90563
Eva,33,Female,HR,70020
David,37,Male,HR,98754
Bob,44,Male,Sales,43231
Charlie,27,Male,HR,117341
Alice,37,Female,IT,70591
Eva,59,Female,Sales,76422
Alice,34,Male,Sales,55065
Eva,32,Male,HR,66015
Alice,37,Male,HR,51489
Bob,36,Male,HR,105161
Alice,30,Female,Sales,44999
Charlie,45,Female,Sales,48441
Charlie,35,Male,IT,90984
Eva,26,Male,HR,45041
Alice,35,Female,HR,74203
Eva,48,Male,HR,107369
Alice,32,Female,HR,76070
David,56,Female,IT,45772
David,50,Male,IT,76268
Eva,56,Male,IT,94441
Bob,51,Male,Sales,69937
Bob,47,Female,IT,44641
Bob,48,Male,HR,78911
Charlie,40,Female,HR,73116
Bob,42,Female,IT,70362
Alice,30,Male,HR,67663
Bob,53,Female,Sales,94913
Bob,47,Female,IT,40547
