Name,Age,Gender,Salary
David,56,Female,111435
Charlie,49,Female,106505
Bob,34,Male,54173
Eva,52,Female,110544
Bob,52,Female,54754
Eva,47,Female,116026
David,35,Female,100702
Bob,36,Female,101246
Alice,54,Male,84221
Alice,28,Female,98148
Alice,56,Female,79505
Alice,41,Female,96587
David,32,Female,56356
Bob,28,Male,113448
Eva,37,Female,56709
Alice,34,Female,40231
Alice,35,Female,91197
David,55,Male,63272
Eva,57,Female,73768
Bob,42,Female,74929
Bob,48,Female,112268
Alice,34,Female,45299
Eva,59,Male,69403
Alice,56,Female,75431
Eva,28,Female,96963
David,44,Female,102633
Charlie,35,Female,45229
Bob,56,Female,95720
Alice,34,Female,40134
David,25,Female,54881
David,26,Male,119893
David,53,Male,101636
David,44,Male,41415
Charlie,58,Female,60115
David,39,Female,95416
Eva,29,Female,79548
Charlie,26,Male,40622
Eva,45,Male,80827
Charlie,32,Female,108692
Bob,50,Female,57071
Charlie,53,Male,64327
David,29,Female,105304
Bob,57,Male,86979
Alice,43,Female,74757
David,57,Female,114813
Alice,52,Male,79822
Charlie,59,Male,76170
Bob,50,Male,104185
Eva,51,Female,111348
Eva,28,Male,41546
Charlie,49,Female,78503
Eva,58,Female,81926
Alice,45,Female,49543
Alice,35,Male,98269
Charlie,29,Female,98387
Alice,48,Female,74859
David,35,Female,63894
Eva,46,Female,49800
Charlie,42,Male,59507
Bob,57,Male,86058
Eva,38,Female,78966
Bob,30,Male,78585
Bob,53,Female,64784
Eva,44,Male,116917
David,35,Male,72995
David,49,Male,103986
Eva,41,Female,68739
Charlie,42,Male,55566
Charlie,56,Female,65231
Bob,49,Male,81111
Alice,39,Male,91456
Charlie,51,Male,70037
Eva,33,Female,56234
Eva,53,Male,104962
Alice,32,Female,42296
Alice,36,Female,70281
Eva,28,Male,111678
Charlie,35,Male,116369
Alice,58,Male,104328
Charlie,51,Male,93197
David,57,Male,119872
Eva,59,Female,109979
Eva,60,Male,43163
Bob,38,Male,85013
Alice,28,Female,74536
David,55,Female,51241
David,47,Male,79642
Eva,32,Female,84808
Alice,54,Male,56952
Charlie,36,Male,75392
Bob,51,Male,64964
Alice,36,Female,83118
Eva,37,Male,108236
Charlie,39,Female,112202
Bob,28,Male,93172
Bob,27,Female,97749
Alice,48,Male,46358
David,50,Male,105711
Eva,26,Male,68010
David,54,Male,62334
Alice,50,Male,111456
Charlie,41,Female,84640
Bob,58,Female,96093
David,59,Male,73465
Eva,52,Female,88019
Alice,34,Female,86919
Eva,26,Male,72942
Eva,40,Female,88005
Charlie,59,Male,66669
Bob,29,Male,78492
Alice,26,Female,49623
Bob,58,Male,52356
David,35,Male,89264
David,39,Male,107590
David,51,Male,44256
Charlie,59,Male,87787
David,26,Female,55216
Alice,49,Male,75165
Bob,47,Female,80415
Charlie,30,Female,95641
David,33,Female,47120
Bob,56,Female,54271
Charlie,46,Female,103458
Bob,54,Female,82619
Charlie,59,Male,66054
Bob,41,Male,91532
Charlie,32,Male,79199
Eva,43,Female,105649
Charlie,58,Male,103981
Eva,55,Male,94611
Bob,57,Male,95935
Bob,48,Male,83216
Bob,55,Female,94732
Bob,38,Male,117400
Eva,34,Female,104222
David,51,Female,55315
Alice,27,Female,49754
Alice,57,Male,59095
Bob,25,Male,109803
Bob,46,Male,97275
Eva,50,Male,86509
Eva,28,Female,40272
Bob,50,Female,86761
Alice,46,Male,85372
Eva,55,Female,92195
Charlie,41,Female,65279
Eva,38,Female,68688
Bob,33,Male,79176
Alice,46,Female,82174
David,42,Female,86529
Alice,27,Male,98603
Bob,27,Male,61034
Bob,55,Female,73489
David,26,Male,104436
Bob,39,Female,88218
Eva,27,Female,73217
David,52,Male,41935
Eva,46,Male,44631
Bob,43,Female,85069
David,35,Female,53055
Alice,30,Female,65729
Bob,45,Male,80898
Alice,56,Female,103354
Eva,56,Female,72413
Charlie,41,Male,91138
Alice,32,Male,58156
Alice,56,Female,45683
David,43,Female,114024
Eva,33,Female,97461
David,35,Female,40608
Bob,32,Female,76933
Bob,57,Female,41993
Bob,35,Female,90755
Eva,32,Male,68617
Alice,40,Female,54350
Bob,55,Male,91897
Bob,42,Male,119164
Eva,49,Female,101890
Eva,56,Male,66129
Charlie,46,Male,45101
Charlie,32,Female,82838
Alice,43,Female,63486
Alice,50,Female,116198
Eva,40,Male,82902
Bob,59,Male,68596
Bob,46,Male,60849
Eva,47,Female,90114
Eva,39,Female,92678
David,42,Male,42358
Charlie,47,Female,105463
Bob,31,Male,102105
Eva,35,Male,59589
Bob,48,Female,62631
David,54,Female,75858
Charlie,57,Female,96482
Charlie,59,Male,43295
Eva,26,Male,90891
Charlie,34,Male,119736
Alice,42,Female,96192
Bob,37,Male,41998
Charlie,47,Male,91393
David,46,Male,117079
David,36,Female,67859
Alice,51,Female,75513
Alice,54,Female,98276
Eva,43,Female,78729
Eva,32,Female,95612
Eva,43,Female,101828
Eva,31,Female,40053
Eva,47,Male,56437
David,49,Female,69233
Charlie,25,Male,64285
Eva,55,Female,80193
Bob,52,Male,69314
David,56,Female,61470
Bob,46,Female,44281
Charlie,56,Male,50622
Bob,43,Male,76902
Charlie,36,Female,85730
Bob,54,Male,113683
Charlie,48,Male,45938
Bob,59,Male,60412
David,49,Male,110755
Bob,25,Male,91882
Charlie,37,Male,47349
Eva,35,Male,100982
Eva,44,Female,108069
Eva,53,Male,51808
David,55,Female,88641
Charlie,50,Female,118723
Eva,35,Male,119991
David,53,Female,67262
Alice,50,Female,58973
Bob,28,Male,56229
Alice,38,Male,84537
David,49,Male,108737
David,44,Male,112552
Eva,26,Male,116618
Alice,26,Male,65715
Bob,57,Male,70525
Bob,25,Male,59220
Eva,57,Male,63573
Eva,34,Male,103891
David,45,Female,88141
Eva,47,Female,53338
Alice,43,Female,72341
Charlie,49,Female,91581
Charlie,57,Male,76507
Bob,27,Male,114816
David,48,Male,94837
David,27,Male,60194
Bob,41,Male,67799
David,59,Male,68324
Eva,48,Male,44879
Eva,43,Female,82022
David,50,Female,52684
Charlie,57,Male,75016
Alice,44,Male,46002
Eva,30,Female,69851
Eva,51,Male,85985
Alice,41,Male,80292
Bob,59,Male,92114
Charlie,57,Male,108713
Charlie,53,Female,77520
David,39,Male,51181
Alice,26,Male,108067
David,44,Female,46753
Bob,41,Female,58548
Charlie,42,Female,78104
Alice,49,Male,71991
Bob,36,Male,64547
Charlie,46,Female,101261
Charlie,32,Female,67556
David,56,Female,56764
Charlie,39,Female,66447
Eva,40,Male,85695
Charlie,60,Female,81630
David,30,Female,42525
Charlie,35,Male,40765
Bob,35,Female,49016
Eva,31,Male,119200
Charlie,32,Female,68717
Alice,55,Male,91916
Alice,32,Male,55153
Alice,50,Female,60332
Charlie,27,Female,76950
Alice,58,Female,78191
Eva,40,Female,42122
Eva,44,Male,108375
Alice,44,Male,60690
David,43,Male,111725
Eva,35,Male,113632
Eva,54,Female,75730
David,57,Male,102081
Bob,38,Male,101007
Bob,48,Female,45308
Eva,42,Female,66377
Bob,41,Female,110407
Bob,39,Male,77237
Charlie,42,Female,59741
Bob,38,Male,94089
Eva,25,Female,78582
Bob,56,Female,119427
David,25,Male,113845
Bob,54,Male,71344
Bob,51,Female,63561
Eva,45,Male,111673
Bob,34,Female,56981
Alice,34,Female,40732
Eva,49,Female,118108
Charlie,57,Female,91105
Eva,34,Male,47880
Eva,37,Female,111450
Alice,33,Male,102613
Bob,52,Female,74899
Charlie,59,Female,43294
David,29,Male,48750
Charlie,31,Female,64016
Charlie,34,Male,63467
Charlie,26,Male,66142
Charlie,59,Male,98961
David,35,Male,98964
Charlie,39,Female,99315
Eva,27,Female,93912
David,48,Female,110056
Charlie,44,Male,41844
Charlie,45,Male,73600
Eva,34,Male,98932
David,51,Male,55701
Charlie,29,Male,54389
Eva,53,Male,72912
David,37,Male,54439
Alice,48,Female,88899
Alice,41,Female,66184
Bob,47,Male,70837
Charlie,37,Male,74862
Alice,32,Male,65439
Bob,50,Female,46431
David,41,Female,105181
Alice,49,Female,92684
Bob,31,Female,103748
Charlie,58,Male,74404
Charlie,32,Male,80799
David,39,Male,70442
Alice,34,Female,99792
Charlie,43,Male,75894
Charlie,47,Female,82464
Bob,39,Male,77823
Alice,55,Male,40237
Charlie,38,Female,106714
David,54,Female,111108
Bob,56,Female,87471
Eva,50,Female,57302
Charlie,44,Female,111957
Charlie,36,Male,103872
Charlie,53,Female,100710
Bob,30,Male,96252
Charlie,53,Female,79125
Alice,53,Female,100936
Charlie,56,Female,99835
Charlie,49,Male,117462
Alice,37,Male,119905
Alice,33,Female,50981
Bob,56,Male,110920
Bob,34,Male,106050
Eva,40,Male,81702
Charlie,39,Female,82877
Eva,42,Male,102892
David,34,Male,104388
Bob,43,Male,59002
Eva,26,Female,52274
Bob,54,Male,104252
Eva,34,Male,111527
Charlie,44,Male,107236
David,42,Male,60145
Eva,34,Male,56729
David,58,Female,62358
Eva,58,Male,103981
Charlie,25,Male,64235
Eva,30,Male,51355
Charlie,42,Male,110907
Alice,49,Male,103911
David,54,Male,50937
Bob,52,Female,64042
Alice,40,Male,95001
Charlie,42,Female,94684
David,27,Female,93421
David,31,Male,67845
Eva,42,Male,60060
Charlie,32,Male,83513
Alice,48,Female,115709
David,25,Male,117784
Bob,40,Female,59834
Bob,28,Female,47813
Charlie,55,Male,94418
Alice,41,Female,87601
Charlie,60,Male,54565
Alice,29,Male,56967
Eva,28,Male,68689
Bob,25,Female,46789
Bob,32,Male,76758
Eva,46,Female,66134
David,59,Male,50157
David,33,Female,78412
David,52,Female,86882
Alice,42,Male,66202
Alice,41,Female,85972
Eva,39,Male,111174
Eva,45,Female,54125
Alice,32,Female,111096
David,26,Male,104436
Alice,25,Female,98773
Eva,37,Female,75516
Bob,41,Female,63420
Eva,27,Female,107339
Charlie,26,Female,110871
Charlie,56,Male,46120
David,58,Female,70779
Alice,46,Male,63988
Eva,30,Male,80536
Eva,42,Male,61700
Bob,48,Male,83914
Eva,39,Female,87392
Charlie,60,Male,103670
Eva,48,Female,109982
David,28,Female,55156
Charlie,58,Female,90559
Bob,28,Male,86320
Alice,39,Male,58051
Charlie,34,Male,113949
Charlie,43,Female,94091
Alice,37,Male,91703
Eva,50,Female,91290
Eva,36,Male,108468
Bob,55,Male,108089
Eva,38,Male,40361
Bob,51,Male,95802
Eva,25,Female,72546
Eva,60,Male,58435
David,40,Female,64478
David,28,Male,101902
David,35,Female,55614
David,28,Male,78926
Bob,35,Female,118731
Charlie,60,Male,51869
Eva,47,Male,62952
Alice,40,Female,73720
David,59,Female,87210
Alice,34,Male,55859
Alice,27,Female,106217
Alice,49,Female,53025
David,39,Male,95243
Charlie,60,Female,60306
Alice,56,Female,48867
Bob,59,Female,42080
Eva,39,Male,43686
Alice,55,Male,74915
Bob,57,Male,104931
Bob,29,Male,99053
David,59,Female,109769
Charlie,27,Female,67501
Eva,44,Male,42236
David,31,Male,65280
Alice,59,Male,72382
Charlie,53,Male,51395
Charlie,47,Female,71200
Eva,32,Female,102155
David,45,Male,70639
Bob,40,Male,90937
Eva,48,Male,83222
Charlie,60,Female,56414
Eva,32,Male,102852
Alice,53,Male,119689
Eva,45,Male,70673
Charlie,53,Female,55810
Charlie,55,Female,49179
Bob,28,Female,92603
Eva,58,Female,96185
David,54,Male,83896
Alice,56,Male,87242
Bob,57,Male,119920
Charlie,49,Male,71026
Charlie,37,Female,41787
Charlie,31,Female,99768
David,56,Male,61820
Bob,54,Female,95556
Charlie,29,Male,63985
Charlie,29,Female,87645
Alice,56,Male,104266
David,54,Male,82195
Eva,26,Female,94854
Eva,41,Female,119581
Alice,30,Male,73289
Bob,50,Female,62740
Charlie,29,Female,93419
Alice,39,Male,80441
Bob,34,Male,84959
Eva,46,Female,108050
Charlie,36,Female,46446
Bob,41,Male,47975
David,60,Male,99653
Alice,58,Female,49380
Alice,46,Male,114640
Alice,35,Female,105392
Alice,30,Male,93200
David,54,Male,40398
Alice,34,Female,75426
Bob,40,Male,56078
Eva,56,Male,96027
David,34,Female,56662
Alice,44,Female,88790
Alice,55,Female,52677
Eva,43,Female,66040
Charlie,32,Female,83696
Charlie,45,Male,110037
Alice,58,Male,104573
Alice,43,Male,109850
David,50,Female,70522
David,60,Male,97671
Alice,44,Female,48158
Charlie,45,Female,106390
Charlie,60,Male,54280
Alice,47,Female,46450
Charlie,28,Male,46679
Charlie,25,Male,49109
Eva,32,Male,59307
Charlie,38,Female,47284
Charlie,39,Male,96147
Charlie,53,Male,66071
Alice,50,Male,58997
Alice,49,Female,106160
Charlie,50,Male,68482
David,25,Male,83145
Alice,52,Male,51972
Alice,53,Male,82423
Eva,45,Male,62353
Eva,37,Female,89505
Bob,56,Female,71451
Alice,36,Male,55545
Bob,42,Female,85849
Alice,50,Male,68209
Eva,32,Female,65032
Bob,35,Female,43533
Alice,35,Female,118313
Alice,46,Male,45735
Eva,32,Male,105227
Eva,48,Female,82355
Charlie,49,Male,58233
Bob,31,Male,87093
Eva,39,Female,61712
Alice,27,Male,62704
Alice,30,Male,41193
Charlie,40,Male,91459
Eva,29,Male,99393
Alice,58,Male,67140
Bob,51,Male,43046
Alice,31,Male,79472
Alice,51,Female,71738
Eva,34,Male,102841
Charlie,52,Male,62826
Charlie,48,Male,67712
Charlie,25,Female,48373
Charlie,56,Male,97326
Bob,49,Male,103236
Eva,29,Male,114627
Bob,59,Female,72138
David,27,Female,51017
Charlie,27,Male,98214
David,34,Female,106570
Eva,48,Female,52460
Charlie,33,Male,82213
Bob,59,Male,114066
Bob,57,Female,43509
Bob,51,Male,95426
Eva,29,Male,48016
Charlie,58,Female,49359
Bob,49,Female,97197
David,43,Male,119445
David,34,Male,44879
Alice,60,Male,79198
Charlie,43,Male,89163
David,52,Female,118169
Charlie,49,Female,80492
David,43,Female,118007
Alice,60,Female,48116
Bob,36,Male,51170
Bob,34,Female,48212
Alice,26,Female,92180
Alice,30,Male,95087
Alice,27,Female,83233
Bob,55,Female,118154
Charlie,41,Female,112361
Charlie,40,Male,81927
Eva,47,Male,88181
Bob,48,Male,52194
Bob,34,Female,92449
Bob,33,Male,64342
Eva,45,Female,84367
David,41,Male,87408
Eva,59,Male,109868
Charlie,28,Male,79790
Eva,51,Male,89740
Alice,58,Male,90406
Alice,42,Male,44783
Bob,45,Male,92429
Eva,56,Female,96673
Alice,36,Female,113993
Charlie,31,Female,46206
Bob,39,Female,82193
Charlie,50,Female,42443
Alice,27,Female,82246
Bob,44,Female,55344
Charlie,25,Male,115302
David,28,Male,98290
Charlie,30,Male,50680
Bob,38,Female,82363
Alice,38,Female,74720
Bob,48,Female,48920
David,60,Female,63670
Eva,30,Male,80751
Charlie,33,Male,65508
David,55,Male,73865
Charlie,35,Male,110050
Alice,53,Male,103524
Bob,45,Female,53890
David,37,Male,92132
David,45,Male,111234
Eva,55,Male,64652
David,41,Female,52437
Eva,37,Male,108218
Charlie,26,Female,110168
David,29,Male,109661
Alice,58,Female,59823
Charlie,55,Female,79335
Eva,53,Male,50704
Alice,25,Female,71629
Eva,51,Female,73478
Charlie,44,Male,74671
Eva,51,Male,77320
Eva,32,Male,88489
Charlie,36,Female,40664
David,34,Male,98723
Charlie,46,Male,89140
Eva,35,Female,41516
Bob,50,Male,106138
Charlie,31,Female,113034
David,32,Male,71855
Bob,52,Male,61491
Eva,30,Female,93094
Eva,40,Female,93210
Eva,44,Male,93745
David,60,Female,102406
Alice,32,Female,111900
Bob,48,Female,106157
Bob,50,Male,105718
Alice,39,Male,112785
Charlie,41,Male,99105
Eva,34,Male,86373
Charlie,53,Male,84667
David,49,Female,119000
David,45,Female,62288
Bob,42,Female,42636
David,52,Female,51246
Alice,38,Female,79270
David,55,Female,119401
Eva,38,Male,90119
Alice,34,Male,115804
David,34,Female,59661
Alice,48,Male,111422
David,29,Female,69591
Charlie,41,Male,71595
David,39,Male,102043
Bob,52,Male,43949
Alice,53,Female,75951
David,55,Female,48719
Eva,53,Female,86832
Bob,56,Male,58011
Alice,29,Female,76767
Bob,38,Female,61694
Alice,54,Male,76322
Alice,52,Male,103599
Bob,38,Male,49546
Bob,54,Female,93623
Bob,31,Male,107546
Alice,35,Male,119569
Bob,32,Female,70971
David,28,Male,58660
Charlie,41,Male,73875
Charlie,42,Female,98992
Bob,48,Male,99132
Alice,50,Female,112917
David,60,Male,61158
David,25,Male,69612
Charlie,32,Male,46155
Charlie,57,Male,72787
Alice,32,Female,56844
Alice,50,Male,87577
David,44,Female,76357
Charlie,31,Female,40701
David,44,Female,56906
Charlie,41,Female,67144
Charlie,34,Male,116197
Charlie,45,Male,96475
Alice,50,Male,111549
Charlie,53,Female,90296
Eva,36,Male,74615
Charlie,55,Female,49718
Bob,31,Female,53503
David,40,Male,95228
Alice,57,Male,47700
David,52,Male,100903
Bob,40,Male,57537
Alice,46,Female,50818
Bob,27,Female,48525
Alice,50,Female,62793
Bob,45,Female,82362
Bob,58,Male,78429
Eva,56,Female,60145
Alice,28,Male,66436
Alice,32,Female,95729
Bob,30,Male,118921
Alice,47,Female,94049
Bob,26,Female,61890
Charlie,46,Female,40106
Bob,57,Female,46564
Charlie,36,Female,51776
David,41,Male,54267
David,50,Male,87108
Charlie,60,Male,116996
Bob,30,Female,52848
Eva,36,Female,113913
Eva,41,Female,94841
David,48,Female,80203
Alice,41,Male,80539
Eva,26,Female,79166
Bob,58,Female,117621
Alice,35,Female,60590
Bob,47,Female,71472
Bob,55,Male,113502
Alice,28,Male,83440
Alice,55,Female,72054
Eva,34,Male,102348
Bob,48,Male,116514
David,42,Male,90152
Charlie,26,Male,76106
Bob,44,Male,72125
Eva,27,Male,90103
Eva,42,Female,73830
David,31,Female,119990
Charlie,43,Male,48961
Alice,55,Female,59019
Alice,57,Male,47427
Alice,37,Male,112390
Charlie,50,Male,74684
David,49,Female,78994
Charlie,41,Male,110865
David,48,Male,108774
Bob,36,Male,117263
Bob,37,Female,111580
Eva,29,Female,43682
Eva,38,Male,42471
Alice,40,Male,110657
Charlie,52,Male,45487
David,40,Male,82519
Eva,46,Female,57384
Eva,39,Male,84047
Charlie,40,Female,107607
Eva,49,Male,105785
David,48,Female,67769
Eva,55,Female,99481
Charlie,39,Male,71462
Eva,37,Male,75696
Bob,52,Female,76109
David,50,Male,115045
Charlie,41,Male,61749
Bob,43,Male,46248
Alice,60,Female,43726
Eva,57,Male,117617
Bob,25,Male,104852
Eva,29,Female,41735
Alice,46,Male,54246
Alice,36,Female,84116
Eva,60,Male,57893
Alice,57,Male,83046
Bob,35,Female,103032
Eva,44,Male,85481
Bob,45,Male,114417
Eva,38,Male,47036
Alice,52,Female,76144
David,28,Female,69542
Alice,59,Male,112251
Alice,51,Female,95767
David,51,Female,73272
Eva,27,Male,97320
Alice,43,Male,115592
David,57,Male,69350
David,28,Male,81292
Charlie,48,Male,95544
David,25,Female,103002
Alice,35,Female,81432
Alice,35,Female,46917
David,47,Female,55254
Alice,49,Male,109989
Alice,47,Female,97745
Bob,26,Female,70787
David,31,Female,105009
Alice,41,Male,108844
Eva,33,Male,59856
Bob,53,Female,63549
David,46,Female,119001
David,43,Male,90086
Bob,42,Male,110132
Alice,26,Female,82996
Alice,54,Female,51651
Eva,25,Female,118291
David,33,Male,95655
Alice,49,Female,49942
Charlie,30,Female,70906
Bob,34,Male,51343
Charlie,47,Male,88631
Eva,44,Male,113351
Charlie,53,Female,67727
Bob,55,Female,53162
Eva,58,Male,87392
David,44,Male,100613
Charlie,53,Male,95556
Charlie,50,Male,53069
Charlie,27,Male,108639
David,27,Female,58091
Alice,44,Female,91173
David,26,Male,52345
Bob,37,Male,43122
David,58,Female,105977
David,51,Female,67196
Eva,36,Male,58640
Alice,36,Male,69873
Alice,37,Female,76843
Alice,52,Female,58042
David,56,Female,108840
Alice,48,Female,60584
David,39,Male,67931
Bob,48,Female,74486
Charlie,59,Female,64459
David,57,Male,61579
Alice,36,Female,64522
Alice,36,Male,116736
Charlie,28,Female,95726
Alice,29,Female,66652
Eva,33,Female,102341
David,47,Female,55904
David,31,Female,114388
David,31,Male,102162
David,37,Female,40931
Eva,34,Female,96881
Alice,51,Male,102126
Charlie,26,Male,52412
Charlie,58,Male,97040
David,42,Female,82523
Bob,41,Male,55287
Eva,60,Female,59543
Eva,45,Male,92913
Eva,44,Male,86393
Eva,48,Male,89679
Alice,35,Male,76586
Eva,58,Male,61313
Bob,46,Female,46573
Bob,37,Male,86786
Alice,36,Female,62468
Charlie,52,Female,41027
Bob,59,Male,64926
Bob,31,Female,91611
Charlie,37,Female,75835
Eva,28,Male,58691
David,37,Female,59950
Eva,41,Female,97611
David,49,Male,64168
Eva,59,Male,93894
Bob,47,Male,79455
David,34,Male,64364
Eva,50,Female,74667
Eva,42,Female,72759
Bob,51,Female,68765
Charlie,47,Male,82784
Alice,53,Male,71534
Charlie,29,Male,42343
Alice,50,Female,63873
Alice,48,Female,67390
Charlie,57,Male,97220
Alice,41,Male,107108
Eva,47,Male,80566
Charlie,60,Female,114880
Bob,47,Female,62453
Alice,51,Male,79744
Eva,26,Female,101797
Bob,33,Female,64405
Charlie,58,Male,111589
Eva,35,Male,68219
Eva,26,Male,91348
Bob,51,Male,62183
Bob,36,Female,101625
Charlie,56,Male,45860
Bob,47,Male,61036
Charlie,31,Male,69580
Eva,48,Male,72355
Bob,35,Female,95262
Alice,58,Female,70042
Eva,34,Male,62317
Charlie,38,Male,100000
Charlie,36,Male,70291
Bob,46,Female,63864
Eva,54,Male,43308
Eva,28,Male,73348
Alice,52,Male,81545
Alice,43,Female,93816
Alice,35,Male,119270
David,46,Female,103656
Alice,47,Female,107446
Bob,28,Male,72834
Charlie,50,Male,115307
Charlie,30,Male,71615
David,30,Female,99884
Charlie,45,Female,80204
Charlie,36,Female,103394
Eva,34,Female,105128
Eva,41,Male,103462
Eva,44,Female,94399
David,25,Female,115892
Charlie,29,Male,76884
Alice,25,Male,64685
Charlie,53,Male,59962
Bob,46,Female,59616
Eva,56,Male,117165
David,44,Female,73755
David,38,Male,107520
Alice,44,Male,92652
Bob,60,Male,90232
Eva,36,Female,48952
Alice,54,Female,79329
Bob,43,Male,101062
Eva,53,Male,59593
Charlie,36,Male,109382
Bob,58,Female,100874
Alice,29,Male,77359
Alice,49,Male,76516
Eva,60,Female,41545
David,28,Male,103708
Alice,50,Male,73174
Eva,37,Female,85596
David,31,Male,105588
Eva,26,Male,69611
Eva,27,Female,77478
Alice,33,Female,113568
Eva,51,Female,88894
Eva,50,Female,94059
Alice,55,Female,61317
Alice,36,Male,91134
David,32,Male,64669
Charlie,31,Male,97906
Eva,58,Female,106201
David,36,Male,85393
Bob,46,Male,60639
Bob,29,Male,55929
David,35,Male,52601
Eva,51,Female,91612
Bob,37,Female,75798
Charlie,60,Female,72610
Eva,42,Male,98262
Eva,55,Male,63282
Charlie,47,Female,61476
Alice,49,Male,40051
Alice,51,Female,58549
Eva,47,Female,82083
David,46,Female,113891
Bob,37,Female,107402
Charlie,52,Male,82816
Eva,27,Female,83187
David,40,Female,112527
Charlie,36,Female,62001
David,59,Male,84760
David,39,Male,45163
Charlie,59,Male,119485
Alice,36,Male,51160
David,29,Female,88732
David,52,Male,47786
Eva,35,Female,77084
Eva,55,Male,45303
Eva,25,Male,86418
David,46,Female,75373
David,47,Female,98854
David,34,Female,51659
Eva,35,Female,94707
Alice,37,Female,50047
Bob,49,Female,66606
Charlie,47,Male,49275
Charlie,58,Female,111504
Eva,46,Male,115113
Charlie,27,Female,79199
Eva,28,Female,83088
Bob,45,Male,104569
Eva,36,Female,107785
